Biomarker;Document IDs;Activity Context Summary;Effect Summary;Sport Implications;Relevance for Sports (1–10);Occurrences in Dataset;Training Relation;Risk Indicator;Monitoring Relevance;Other
Fasting glucose;41010901;The finding is derived from a study on vaccinated survivors post-SARS-CoV-2 infection, focusing on their metabolic recovery, rather than a specific athletic population or training intervention.;Fasting glucose levels significantly declined over time in both sexes of the post-SARS-CoV-2 vaccinated survivor cohort, with a more pronounced reduction observed in males (total cohort decreased from 126.00 to 113.60 mg/dL). This indicates an overall improvement in glycemic control post-infection/vaccination.;Fasting glucose is a foundational biomarker for assessing an athlete's basal metabolic health and glycemic control, which is critical for metabolic flexibility, efficient fuel partitioning during exercise, and effective recovery processes. While not a primary marker of acute training load or muscle damage, persistently elevated or erratic fasting glucose levels in an athlete could signal underlying metabolic stress, impaired insulin sensitivity, or suboptimal nutritional and recovery strategies, potentially hindering adaptation and performance. In the context of the provided data, monitoring fasting glucose can be particularly valuable for athletes recovering from significant illnesses (e.g., SARS-CoV-2 infection) to assess metabolic normalization and inform judicious return-to-play protocols, ensuring their metabolic system is prepared for escalating training demands. Sex-specific differences in glycemic control, as highlighted, suggest that individualized monitoring approaches may be beneficial, especially during recovery periods.;6;1;;;;
HbA1c;41010901;Post-SARS-CoV-2 infection in vaccinated survivors. This context primarily describes a health recovery scenario rather than direct training or competition, but has implications for an athlete's return to play and underlying metabolic health.;HbA1c levels significantly declined over time in vaccinated survivors post-SARS-CoV-2 infection, with a more pronounced reduction observed in males. Total cohort decreased from 7.26% to 6.43% (p<0.001). Males also exhibited higher baseline levels compared to females.;HbA1c, reflecting long-term glycemic control and metabolic health, is a valuable biomarker for athletes, particularly when assessing recovery from significant physiological stressors like a severe infection. Elevated HbA1c can indicate chronic metabolic stress, impaired metabolic flexibility, and potentially higher systemic inflammation, all of which hinder an athlete's ability to recover from training, adapt effectively, and perform optimally. In the context of post-infection recovery, monitoring HbA1c can help identify athletes who may be experiencing persistent metabolic dysregulation. The observed sex-based differences suggest male athletes may warrant more vigilant metabolic screening post-infection, given their potentially higher baseline metabolic stress and greater changes, which could impact their return-to-sport readiness and long-term training capacity. While not a direct measure of training load, it serves as an indirect marker for underlying metabolic health that is crucial for sustained performance, injury prevention, and successful adaptation to high training volumes. Impaired glycemic control indicated by higher HbA1c could contribute to subclinical cardiovascular stress, affecting an athlete's capacity for intense training and recovery.;7;1;;;;
TSH;41010901;The findings are based on individuals (vaccinated survivors) post-SARS-CoV-2 infection.;TSH levels significantly increased over time in females (from 2.18 to 3.26 µU/mL), while remaining stable in males.;Elevated TSH, especially when accompanied by lower free T3 as noted in females post-SARS-CoV-2 infection, indicates a potential decline in thyroid function or a compensatory endocrine response. In athletes, this can signify impaired metabolic rate, reduced energy availability, prolonged fatigue, and compromised recovery capacity, directly hindering adaptation to training and overall performance. Monitoring TSH, particularly in female athletes recovering from viral infections, can serve as a critical diagnostic tool to identify underlying endocrine stress that may contribute to underrecovery or overtraining symptoms. It informs targeted adjustments to training load, recovery protocols, and the potential need for further metabolic investigations to optimize an athlete's return to peak performance and prevent decrements in training capacity due to compromised metabolic flexibility and endocrine health.;8;1;;;;
Free T3;41010901;The findings pertain to vaccinated individuals recovering after a SARS-CoV-2 infection, observing their endocrine status post-illness.;Free T3 levels were consistently found to be higher in males compared to females among vaccinated survivors following SARS-CoV-2 infection.;Free T3, an active thyroid hormone, is fundamental for metabolic rate, energy expenditure, and protein synthesis, all critical for athletic performance, recovery, and adaptation. The observed sex-specific endocrine shifts post-SARS-CoV-2 infection, with females exhibiting a tendency towards lower Free T3, have significant implications for sports. Lower Free T3 in athletes can indicate reduced metabolic capacity, impaired recovery, and potentially contribute to chronic fatigue, poor training adaptation, or symptoms of under-recovery/overtraining. This data highlights that female athletes recovering from significant immune challenges (like severe infections) or experiencing periods of high physiological stress might be more susceptible to adverse endocrine shifts affecting Free T3 levels. Monitoring Free T3, alongside TSH, could therefore be a valuable tool for individualized training load management, guiding return-to-play protocols, and implementing sex-tailored recovery strategies to prevent overtraining or RED-S (Relative Energy Deficiency in Sport), especially in female athletes post-illness or during periods of unexplained underperformance.;8;1;;;;
Free T4;41010901;The activity context describes the long-term endocrine response and physiological recovery patterns in vaccinated survivors post-SARS-CoV-2 infection, with a focus on sex-specific differences.;A slight, but statistically significant, increase in Free T4 was observed over time in the total population, with males specifically showing an increase from 1.15 ±0.02 ng/dL to 1.21 ±0.02 ng/dL.;In an exercise physiology context, an increase in Free T4 following a significant physiological stressor like a viral infection (e.g., SARS-CoV-2) suggests an altered metabolic state, potentially reflecting a prolonged hypermetabolic response or a compensatory adjustment to systemic stress. Thyroid hormones are crucial regulators of metabolic rate, energy expenditure, and protein synthesis, all vital for an athlete's performance, recovery, and adaptation to training. Persistent or elevated Free T4 levels post-illness could indicate ongoing physiological stress, potentially impacting an athlete's ability to recover, adapt to training loads, and perform optimally. Monitoring Free T4 can therefore provide valuable insights into an athlete's metabolic recovery status and their readiness to return to full training. Sex-specific differences in these endocrine responses underscore the importance of individualized monitoring and tailored return-to-play protocols to prevent overtraining, optimize recovery, and ensure proper adaptation after illness, especially given the potential for long-term endocrine alterations.;8;1;;;;
Creatinine;41010901, 30848096;The findings involve two distinct populations: vaccinated survivors recovering from SARS-CoV-2 infection, and physically active older adults undergoing 12 weeks of daily milk protein supplementation.;Creatinine concentrations increased significantly over time in both sexes post-SARS-CoV-2 infection, with males exhibiting consistently higher levels. In the context of protein supplementation, creatinine concentrations generally increased and eGFR decreased over a 12-week period in both supplemented and control groups, but without significant adverse effects on renal function attributable to the protein supplementation itself.;Creatinine serves as a valuable diagnostic tool for monitoring potential renal alterations and sex-based differences in adaptation following significant physiological stress, such as a severe viral infection (e.g., SARS-CoV-2). Elevated creatinine in this context, especially if higher in males, could signal a need for caution in return-to-play protocols and training load adjustments to prevent overtraining or further compromise of renal health. Furthermore, the findings support the safety of protein supplementation as a strategy for muscle support and recovery in athletic populations (specifically older, physically active individuals), indicating it does not adversely impact renal function. While changes in creatinine can occur with exercise training, interpretation should consider an athlete's hydration status, muscle mass, and recent health events to differentiate between normal physiological fluctuations and actual renal stress or impaired recovery.;7;2;;;;
Urea;41010901, 30848096;Findings involve post-SARS-CoV-2 infection in vaccinated male survivors, and 12 weeks of daily milk protein supplementation in physically active older adults.;Urea levels were consistently higher in males post-SARS-CoV-2 infection and significantly increased in physically active older adults supplementing with milk protein.;Urea, a byproduct of protein metabolism, can offer insights into an athlete's physiological state. Elevated urea levels can indicate increased protein catabolism, which may occur during periods of high training load, insufficient carbohydrate intake (forcing the body to use protein for energy), or inadequate recovery. This suggests that the body might be breaking down muscle protein or dietary protein at a higher rate than usual, placing a greater burden on renal function for waste excretion. In the context of post-illness (e.g., SARS-CoV-2), higher urea could signal lingering systemic stress or compromised renal function, impacting an athlete's capacity to tolerate training and recover effectively, necessitating careful return-to-play strategies. For athletes using protein supplementation, a rise in urea reflects altered protein metabolism, which, if not accompanied by other adverse renal markers, may be a normal metabolic response to increased protein intake. However, persistent high urea might warrant a review of hydration status, overall energy intake, and protein dosing to optimize nitrogen balance and minimize renal strain. Thus, urea can be a moderately useful indirect marker for monitoring training load, recovery status, nutritional adequacy (especially protein and carbohydrate balance), and systemic stress post-illness, guiding adjustments in training, nutrition, and hydration.;7;2;;;;
Troponin;41010901;Evaluation of cardiac markers in vaccinated survivors post-SARS-CoV-2 infection, focusing on sex-specific differences.;Troponin levels decreased significantly in both sexes post-SARS-CoV-2 infection, with males consistently exhibiting higher values, particularly during early follow-up periods.;In athletes recovering from SARS-CoV-2 infection, troponin monitoring is crucial for guiding safe return-to-sport decisions. Persistently elevated levels indicate cardiac stress or subclinical cardiac alterations, which directly impact training capacity and necessitate restricted high-intensity exercise and further cardiac evaluation. This is particularly relevant for male athletes, who may demonstrate higher initial troponin values and greater subclinical cardiac stress, requiring sex-tailored long-term monitoring strategies to prevent overtraining or adverse cardiovascular events during rehabilitation and return to full training. It is a critical marker for assessing recovery from illness-induced cardiac stress and ensuring the cardiovascular system is robust enough for athletic demands.;8;1;;;;
CRP;41010901;Post-SARS-CoV-2 infection in vaccinated survivors, with a focus on physiological burden and cardiac stress recovery over time in both sexes.;CRP levels significantly declined over time post-infection. Males consistently exhibited higher CRP levels than females, particularly at later stages of recovery (T2 and T3).;CRP serves as a useful biomarker for monitoring the systemic inflammatory burden and potential subclinical cardiac stress in athletes recovering from viral infections like SARS-CoV-2. Persistently elevated CRP, especially in males as indicated, suggests a prolonged physiological recovery need, which directly impacts return-to-play decisions, training load adjustments, and overall recovery strategies. Higher CRP may necessitate extended rest periods and cautious progression of training to prevent exacerbation of cardiac stress or delayed adaptation. Sex-specific monitoring strategies are crucial to tailor recovery and training plans, ensuring athletes do not prematurely return to high-intensity training with residual inflammation or cardiac vulnerability.;7;1;;;;
Fibrinogen;41010901;The activity context involves vaccinated survivors recovering from SARS-CoV-2 infection.;Fibrinogen levels declined overall post-SARS-CoV-2 infection, but remained consistently higher in females compared to males across all timepoints, indicating sustained elevation in females.;Elevated fibrinogen, indicative of persistent inflammatory changes, can significantly impair recovery and adaptation to training stress. This is particularly crucial for athletes, especially females, recovering from systemic inflammatory challenges such as viral infections (e.g., SARS-CoV-2), where sustained elevation could imply delayed coagulative resolution and prolonged inflammatory burden. Monitoring fibrinogen levels in such scenarios could provide valuable insight into an athlete's true recovery status, guiding individualized training load adjustments to prevent underrecovery, overtraining, and mitigate the risk of chronic inflammation. Its sustained elevation suggests a potential delay in an athlete's readiness for high-intensity training or competition, emphasizing the need for sex-tailored recovery protocols and prolonged inflammatory surveillance.;7;1;;;;
Lymphocyte;41010901;The activity context is focused on the post-SARS-CoV-2 infection state in vaccinated female survivors, representing a period of recovery from illness.;A modest but significant temporary increase in lymphocyte count was observed in females at a specific post-infection time point (T2).;In an athletic population, particularly females, a temporary post-viral infection lymphocyte surge indicates ongoing immune activation and potential inflammatory processes. From a sports-science perspective, this suggests that the athlete's immune system is still engaged in recovery from illness, impacting their physiological readiness for intense training or competition. It implies a diminished capacity for training adaptation, an increased risk of under-recovery or overtraining if training loads are not appropriately managed, and potential decrements in performance. This finding highlights the importance of monitoring immune markers like lymphocytes for guiding individualized return-to-play protocols post-illness, ensuring complete immune system restoration before resuming full training intensities to optimize health and performance.;6;1;;;;
D-dimer;41010901;Monitoring of vaccinated survivors post-SARS-CoV-2 infection, specifically focusing on long-term outcomes (up to 30 months).;D-dimer levels remained stable overall post-SARS-CoV-2 infection, but were significantly higher in females compared to males at the 30-month endpoint, with males showing lower values at this time.;In the context of post-SARS-CoV-2 recovery, persistently elevated D-dimer, particularly observed in female athletes, signals ongoing systemic inflammatory and coagulative processes. This can significantly prolong an athlete's recovery timeline, impair their physiological adaptation to training, increase fatigue, and potentially elevate the risk of cardiovascular complications during intense physical activity. Monitoring D-dimer could inform more cautious and individualized return-to-play strategies, guide appropriate training load adjustments, and identify athletes, especially females, who may require extended recovery periods or specialized medical evaluation to prevent overtraining or exacerbation of underlying issues. It serves as an indirect marker of systemic stress impacting an athlete's readiness for high-level training and competition.;7;1;;;;
WBC counts;41010901;This study investigated post-COVID-19 hematological parameters, focusing on the recovery phase after an infectious illness.;WBC counts remained stable in the overall cohort during the post-COVID-19 period. However, males consistently exhibited higher WBC values compared to females, particularly at the initial assessment point (T1).;While WBC counts can serve as a general indicator of immune system activity and inflammation relevant to an athlete's recovery from illness or acute stress, this finding suggests that post-illness, WBC might stabilize without significant fluctuations in the absence of new complications. The observed sex differences highlight the critical need for individualized interpretation of WBC data. For athletes, this means establishing sex-specific baseline ranges and considering these differences when monitoring immune recovery from infections or periods of high training stress. Abnormal WBC patterns (e.g., persistent elevation indicating chronic inflammation, or suppression indicating immune compromise/overtraining) would warrant further investigation to ensure optimal recovery and adaptation to training.;6;1;;;;
Triglycerides;41010901;Monitoring lipid metabolism in individuals post-COVID-19, relevant for understanding metabolic recovery in athletes returning to sport.;Triglyceride levels fluctuated post-COVID-19 with sex-specific patterns: males initially had higher levels that gradually declined, while females showed a sustained increase by a later time point (T3).;Triglycerides can serve as an indicator of metabolic recovery and adaptation, particularly in athletes returning to training post-illness (e.g., post-COVID-19). The observed sex-specific differences in triglyceride trends (males declining, females sustained increase) underscore the importance of sex-tailored long-term monitoring strategies. Sustained elevated triglycerides, especially in females, may indicate impaired metabolic flexibility or prolonged recovery, potentially impacting an athlete's ability to efficiently utilize fat for fuel during endurance activities and increasing susceptibility to underrecovery or maladaptation to training loads. Monitoring these levels, especially alongside glucose metabolism, can help guide personalized training load adjustments, nutritional strategies, and recovery protocols to optimize metabolic health and ensure a safe and effective return to peak performance, mitigating risks of overtraining.;7;1;;;;
Irisin;31976024;The activity contexts exclusively involve clinical populations, specifically comparing Hepatocellular Carcinoma (HCC) tissues with non-cancer tissues, and HCC patients with healthy controls. The studies also examine the utility of irisin in distinguishing HCC patients, predicting postoperative complications and hospital stay duration after hepatectomy in HCC patients, and its association with clinical risk factors in this patient group.;Irisin is consistently downregulated in HCC tissues and significantly decreased in the serum of HCC patients compared to healthy controls. It demonstrates good diagnostic utility for HCC. Furthermore, low preoperative serum irisin levels are associated with higher postoperative complication indices, longer hospital stays after hepatectomy in HCC patients, and correlate with specific clinical risk factors for HCC (male sex, history of viral hepatitis, high AFP levels).;Based strictly on the provided data, the findings on irisin are entirely focused on its role as a diagnostic and prognostic biomarker for Hepatocellular Carcinoma (HCC) and its predictive value for surgical outcomes in these patients. There is no information presented regarding irisin's modulation by exercise, its relevance to training load monitoring, recovery processes, adaptation, metabolic flexibility, inflammation in athletic populations, muscle damage and repair from exercise, or its utility in performance diagnostics or cardiovascular/endocrine adaptations to training. Therefore, this specific dataset offers no direct sport-specific implications for athletes or training management.;1;6;;;;
Polygenic Risk Score (PRS);35027648;The activity contexts exclusively involve risk assessment for non-mucinous Epithelial Ovarian Cancer (EOC) in women of various ancestries (European, East Asian, African) and in individuals carrying pathogenic variants of BRCA1 or BRCA2 genes. There is no information regarding athlete populations, specific exercise interventions, or training states.;A higher Polygenic Risk Score (PRS) consistently correlates with an increased risk of developing Epithelial Ovarian Cancer (EOC). This includes increased odds ratios (ORs ranging from 1.14 to 1.49), hazard ratios (HRs ranging from 1.36 to 1.49), and a substantially increased absolute cumulative risk by age 80 in both the general population and BRCA1/BRCA2 carriers. The predictive utility (AUC) also improves with higher PRS, indicating stronger association and risk prediction. The effect magnitude varies by ancestry, with generally stronger effects observed in women of European ancestries compared to East Asian and African ancestries for general EOC risk, although risk stratification is improved across all groups.;Based on the provided data, this specific Polygenic Risk Score (PRS) is solely focused on assessing the risk of Epithelial Ovarian Cancer (EOC). There is no direct or indirect information linking this biomarker to exercise physiology, training load monitoring, recovery and adaptation processes, overtraining/underrecovery states, metabolic flexibility, inflammation specific to athletes, performance diagnostics, muscle damage and repair, or cardiovascular and endocrine adaptation in response to exercise. Therefore, this biomarker, in the context presented, does not inform training decisions, nor is it useful for monitoring adaptation, stress, performance, or recovery in an athletic population.;1;19;;;;
Gastrointestinal permeability;35897037;Male non-elite runners undergoing a 4-week intervention with probiotic supplementation (Lactobacillus, Bifidobacterium, Streptococcus).;Small to moderate improvement (reduction) in gastrointestinal permeability.;Gastrointestinal permeability serves as a marker of gut integrity, which is crucial for athletes. High training loads and intense exercise are known to increase GI permeability, potentially leading to gastrointestinal distress, compromised nutrient absorption, and systemic inflammation (often referred to as 'leaky gut'). Improving GI permeability, as demonstrated by probiotic supplementation, can lead to enhanced gastrointestinal functions, reduced GI symptoms, and better tolerance of high-intensity training. This indirectly supports improved recovery by minimizing gut-related disruptions, optimizes metabolic flexibility by ensuring efficient nutrient absorption, and reduces systemic inflammation linked to compromised gut barrier function. Monitoring this biomarker, or the effectiveness of interventions targeting it, can inform training load management, nutritional strategies, and recovery protocols to sustain high performance and prevent overtraining or underrecovery due to gut dysfunction. It highlights the importance of gut health for an athlete's overall adaptive capacity and performance potential.;8;1;;;;
Inflammatory markers;35897037;Male non-elite runners underwent 4 weeks of probiotic supplementation (Lactobacillus, Bifidobacterium, Streptococcus).;Probiotic supplementation had no influence on inflammatory markers.;This finding indicates that a 4-week probiotic intervention of Lactobacillus, Bifidobacterium, and Streptococcus did not alter inflammatory markers in male non-elite runners. Consequently, this specific intervention did not provide a direct anti-inflammatory benefit observable via these markers, nor does it offer a mechanism for monitoring training adaptation or recovery through changes in inflammatory markers. It suggests that this particular probiotic regimen may not be an effective strategy to modulate inflammatory responses related to training in this population, thus not directly informing training modifications based on inflammatory marker changes for this specific intervention.;6;1;;;;
T-cell production of INF-G;35897037;A 4-week Lactobacillus probiotic intervention was conducted in athletes experiencing fatigue.;T-cell production of INF-G was restored to levels observed in healthy athletes.;T-cell production of INF-G serves as a valuable indicator of an athlete's immune status and resilience, particularly in response to training stress and recovery interventions. Reduced levels in fatigued athletes suggest immune suppression, potentially due to heavy training loads or underrecovery, increasing susceptibility to infections and hindering consistent training. Monitoring its restoration, possibly through strategies like probiotic supplementation, signifies improved immune function and recovery, reducing illness risk and supporting better adaptation to training demands. It can help diagnose immune fatigue and guide interventions aimed at optimizing immune health for sustained performance.;8;1;;;;
Salivary secretory immunoglobulin A (sIgA);35897037;The biomarker was studied in elite athletes undergoing a 14-week Lactobacillus probiotic intervention.;Concentrations of salivary sIgA were maintained.;Salivary sIgA is a crucial marker of mucosal immune function, directly informing an athlete's immune health and susceptibility to upper respiratory tract infections (URTIs). Maintaining sIgA levels, potentially through interventions like probiotic supplementation, indicates a robust immune system capable of warding off infections. This directly enhances an athlete's ability to sustain training loads, optimize recovery, and avoid disruptions to training and competition due to illness. A decline in sIgA often signifies immune suppression linked to excessive training stress, inadequate recovery, or nutritional deficiencies, serving as an early warning for potential overtraining or underrecovery states. Monitoring sIgA can therefore guide adjustments in training intensity, volume, or recovery strategies to safeguard immune integrity and ensure consistent adaptation and performance.;8;1;;;;
Total number of upper respiratory infection days;35897037;Research involving a 14-week Lactobacillus probiotic intervention in elite athletes.;Reduced total number of upper respiratory infection days.;The total number of upper respiratory infection days is a crucial practical indicator of an athlete's immune resilience and overall physiological stress balance. A reduced number of URI days directly translates to more consistent training, fewer missed sessions, and enhanced performance progression. Conversely, an increased frequency suggests compromised immune function, potentially due to excessive training load, insufficient recovery, or inadequate nutritional support. Monitoring this biomarker helps inform training load adjustments, highlights potential overreaching or under-recovery, and is vital for maintaining athlete health and performance continuity, as illness directly impairs training and competition capacity by interrupting training cycles and reducing an athlete's ability to adapt and perform.;8;1;;;;
Endurance Performance (Time-to-exhaustion);35897037;The findings report on studies investigating the effect of probiotic supplementation on endurance performance (time-to-exhaustion). Interventions included Lactobacillus (30 billion CFU, 90 billion CFU, or 14-week intervention) and a mixed probiotic formulation (Lactobacillus, Bifidobacterium, Streptococcus) given for 4-6 weeks. These interventions were tested in both non-elite athletes (undergoing treadmill or running protocols) and elite athletes.;Probiotic supplementation led to a dose-dependent improvement in time-to-exhaustion in non-elite athletes. Conversely, no improvement was observed in elite athletes.;Time-to-exhaustion (TTE) is a direct, fundamental biomarker for assessing an athlete's endurance capacity and physiological adaptation to training. For non-elite athletes, TTE can serve as a valuable performance diagnostic and monitoring tool, as interventions like probiotic supplementation demonstrate an ability to improve it, suggesting enhanced training capacity and improved recovery. This indicates TTE is a sensitive marker for tracking performance gains and the efficacy of ergogenic aids in less trained individuals. However, in elite athletes, TTE appears to be a less sensitive biomarker for detecting performance improvements from certain supplements, likely due to their already optimized physiological state and high training adaptations. Monitoring TTE is critical for evaluating the effectiveness of training programs, identifying signs of overtraining (through sustained drops in performance), confirming adequate recovery (through stable or improved performance), and individualizing training loads based on functional capacity.;9;3;;;;
Lean Body Mass;30848096;Physically active older adults with low habitual protein intake underwent a 12-week intervention involving daily milk protein supplementation and walking exercise.;Daily milk protein supplementation combined with walking exercise significantly increased whole-body and truncal lean body mass in physically active older adults compared to a placebo group.;Lean Body Mass (LBM) is a fundamental biomarker for assessing an athlete's physiological adaptation and training status. It serves as a direct indicator of muscle mass, which is critical for strength, power, and metabolic function across most sports. Monitoring LBM is essential for performance diagnostics, as increases generally correlate with enhanced strength and power capabilities, indicating successful adaptation to resistance training and effective nutritional strategies (e.g., adequate protein intake). From a recovery and overtraining perspective, unintended or significant reductions in LBM can signal chronic catabolic stress, under-recovery, overreaching, or insufficient energy/protein intake relative to training load. Such declines can compromise performance, increase injury risk, and indicate a hindered adaptive response. Therefore, tracking LBM helps inform training adjustments, nutritional interventions, and provides insights into an athlete's overall anabolic-catabolic balance and long-term adaptation.;9;1;;;;
Fat Mass;30848096;The study involved physically active older adults with low habitual protein intake who participated in a 12-week intervention involving daily milk protein supplementation.;Daily milk protein supplementation in physically active older adults resulted in a significant decrease in both absolute (-0.90 kg) and relative (-0.92%) fat mass, as well as the fat mass/lean body mass ratio, compared to a placebo group.;Fat mass is a critical component of body composition directly impacting athletic performance across many disciplines, particularly those sensitive to power-to-weight ratio, endurance, or specific weight classes. This finding suggests that optimizing protein intake, potentially through supplementation, can be an effective strategy to reduce fat mass and improve body composition in active populations. Monitoring fat mass serves as an important diagnostic tool for assessing long-term adaptation to training and nutritional interventions. Favorable reductions in fat mass indicate successful physiological adaptation and contribute to enhanced performance potential by improving metabolic flexibility and reducing inflammation load. While not an acute marker for training stress or immediate recovery, undesirable changes or lack of desired reduction in fat mass over time can signal inadequate nutritional support or maladaptation, impacting overall training capacity and performance goals.;8;1;;;;
Physical Performance Markers;30848096;Physically active older adults undergoing walking exercise training, with or without protein supplementation.;Significant improvements in physical performance markers (Gait speed, chair-rise ability, Timed Up-and-Go, and estimated VO2max) due to walking exercise training, with no additional benefit observed from protein supplementation in this population.;Physical performance markers are fundamental for assessing the efficacy of training programs and tracking adaptation. Significant improvements in measures like functional mobility, speed, and estimated VO2max directly demonstrate positive adaptation to training loads, indicating enhanced functional capacity and cardiovascular fitness. These markers serve as critical tools for performance diagnostics, allowing coaches and athletes to directly gauge training effectiveness and monitor progress. A lack of improvement or decline in these markers would signal a need to re-evaluate training loads, recovery strategies, or potential issues like overreaching/underrecovery, making them vital for informed training adjustments.;10;1;;;;
25-hydroxyvitamin D;30848096;Physically active older adults participating in a 12-week intervention comparing daily milk protein supplementation to a placebo.;25-hydroxyvitamin D levels significantly increased over the 12-week study period in both milk protein supplementation and placebo groups, with no significant differences between groups.;This finding, observed in active older adults, highlights that 25-hydroxyvitamin D status can improve over time in physically active individuals, potentially due to factors like increased sun exposure associated with activity. From a sports-science perspective, maintaining optimal 25-hydroxyvitamin D levels is crucial for athletes across all ages. Adequate vitamin D supports critical physiological processes foundational for performance, including bone mineral density (reducing stress fracture risk), skeletal muscle function (strength, power, recovery), immune system modulation (reducing illness and missed training), and anti-inflammatory processes. While not a dynamic marker for acute training load or immediate recovery, its sufficiency is a key component of an athlete's overall health and readiness for adaptation, chronic training stress, and sustained performance. Monitoring 25-hydroxyvitamin D is therefore valuable for ensuring foundational physiological support rather than monitoring acute changes.;7;1;;;;
Extracellular Vesicles (EVs);31936142;The provided data exclusively focuses on the role of Extracellular Vesicles (EVs) in the context of breast cancer diagnosis, monitoring tumor burden, and distinguishing between breast cancer subtypes (Her2+ and TNBC) in both human patients and murine models. There are no activity contexts related to exercise, athletic populations, training interventions, or recovery states within these findings.;The findings consistently show a significant increase in both total and small Extracellular Vesicles (EVs) in the sera of breast cancer patients compared to healthy controls. EV levels also demonstrated a moderate positive correlation with tumor burden in murine breast cancer models. While higher EV levels were reported in Her2+ compared to TNBC breast cancer patients, this difference was not statistically significant.;Based on the provided data, there are no direct implications for Extracellular Vesicles (EVs) in the context of exercise physiology, training load monitoring, recovery and adaptation, overtraining/underrecovery, metabolic flexibility, inflammation in athletes, performance diagnostics, muscle damage and repair, or cardiovascular and endocrine adaptation. The findings are solely focused on the diagnostic and prognostic utility of EVs in breast cancer. Therefore, this specific dataset does not inform training decisions or monitoring for athletes, as it lacks any athletic or exercise-related context.;1;7;;;;
miR-451a;31936142;The biomarker miR-451a was investigated in the context of breast cancer patient sera and breast cancer conditions, comparing levels to healthy individuals.;miR-451a levels, specifically copies per extracellular vesicle (EV), were found to be significantly increased or significantly greater in breast cancer patients compared to healthy individuals.;Based on the provided data, miR-451a is presented solely as a potential diagnostic biomarker for breast cancer. There is no information or evidence within the given findings to suggest its utility in monitoring exercise physiology, training load, recovery, adaptation, overtraining, metabolic flexibility, inflammation in athletes, performance diagnostics, muscle damage and repair, or cardiovascular and endocrine adaptation. Therefore, it has no direct or indirect implications for informing athletic training decisions, monitoring athletic stress, or evaluating performance and recovery in the context of sports science based on this data.;1;3;;;;
miRNA-101;31936142;The data pertains to studies on serum-derived extracellular vesicles (EVs) in breast cancer patients, comparing them to healthy controls. There is no information provided regarding athlete populations, specific training interventions, or various training states.;miRNA-101 levels were observed to be elevated in serum-derived extracellular vesicles of breast cancer patients compared to healthy controls.;The provided findings position miRNA-101 as a potential diagnostic biomarker for breast cancer in a general clinical population. There is no evidence or context provided that connects miRNA-101 to exercise physiology, training load monitoring, recovery, adaptation, overtraining, metabolic flexibility, inflammation, performance diagnostics, or muscle damage/repair in an athletic context. Therefore, based strictly on the given data, it does not inform training decisions, nor is it useful for monitoring adaptation, stress, performance, or recovery in athletes.;1;1;;;;
miRNA-372;31936142;The findings describe miRNA-372 levels in serum-derived extracellular vesicles (EVs) of breast cancer patients compared to healthy controls. This context is specific to a clinical population and not related to athletic populations, exercise interventions, or training states.;miRNA-372 is found to be elevated in the serum-derived EVs of breast cancer patients (n=50) when compared to healthy controls (n=12).;Based strictly on the provided findings, miRNA-372 is presented solely as a potential diagnostic biomarker for breast cancer. There is no information or context provided that links miRNA-372 to exercise physiology, training load monitoring, recovery, adaptation, overtraining, metabolic flexibility, inflammation in athletes, performance diagnostics, muscle damage/repair, or cardiovascular/endocrine adaptation in athletic populations. Therefore, this biomarker, in the context described, offers no sport-specific implications for informing training, monitoring adaptation, stress, performance, or recovery in athletes.;1;1;;;;
miR-105;31936142;The provided context describes the biomarker's activity in the context of metastatic progression in breast cancer patients, specifically comparing those who developed distant metastases to those who did not. There is no information relating to athletic populations, exercise interventions, or training states.;miR-105 was significantly elevated in breast cancer patients who developed distant metastases compared to those who did not.;Based on the provided data, miR-105 is indicated as a prognostic marker for metastatic progression in breast cancer. This information has no direct or indirect relevance for informing training decisions, monitoring adaptation, assessing training stress, diagnosing performance issues, or tracking recovery in athletes. It does not contribute to understanding muscle damage, metabolic flexibility, inflammation in athletes in an exercise context, or cardiovascular/endocrine adaptation to training.;1;1;;;;
miR-21;31936142;The provided data describes miR-21 levels observed in the plasma of breast cancer patients compared to healthy controls, not within an athletic population, specific training intervention, or distinct training state.;miR-21 levels were significantly elevated in breast cancer patients (n=16) compared to healthy controls (n=16).;Based on the provided data, miR-21's utility is described strictly as a diagnostic biomarker for breast cancer. There is no information or observed effect related to exercise physiology, training load monitoring, recovery, adaptation, overtraining, metabolic flexibility, inflammation in athletes, performance diagnostics, muscle damage/repair, or cardiovascular/endocrine adaptation in an athletic context. Therefore, this specific finding does not inform training decisions, or provide insights for monitoring adaptation, stress, performance, or recovery in athletes.;1;1;;;;
miR-1246;31936142;The activity context for miR-1246 in the provided data is limited to its measurement in the plasma of breast cancer patients compared to healthy controls. There is no information pertaining to athlete populations, exercise interventions, or specific training states.;miR-1246 was found to be significantly elevated in the plasma of breast cancer patients compared to healthy controls.;Based on the provided findings, there is no direct or indirect information linking miR-1246 to exercise physiology, training load monitoring, recovery, adaptation, overtraining, metabolic flexibility, inflammation in athletes, performance diagnostics, muscle damage and repair, or cardiovascular and endocrine adaptation in an athletic context. The observed elevation is solely within a general medical diagnostic context (breast cancer) and offers no utility for informing training decisions or monitoring athletic performance or recovery.;1;1;;;;